,MHC class II cell,PSC cell,acinar cell,alpha cell,beta cell,co-expression cell,delta cell,ductal cell,endothelial cell,epsilon cell,gamma cell,mast cell,unclassified cell,unclassified endocrine cell
H2,0.006128348,0.007834303,0.1595708,0.1137555999999999,0.3963343,0.03763113,0.05114704,0.12630424,0.0029612129,0.008384297,0.07142869,0.005359696,0.007132543,0.006027408
